{
  "fair_value": 10.450583572185565,
  "bid": 9.613738728417033,
  "ask": 11.12839002935555,
  "mid": 10.371064378886292,
  "spread": 1.5146513009385174,
  "quote_size": 8.5,
  "inventory_skew": -0.07951919329927215,
  "gamma_exposure": 0.28143026018770345,
  "vega_exposure": 562.8605203754068,
  "theta_decay": -96.21041319657296,
  "inventory_ratio": 0.15
}