scenario,spot,volatility,risk_free_rate,pnl,delta,gamma,vega
Volatility explosion,100.0,0.4,0.05,0.5394831941989899,0.9525998653145096,0.0004604730172115615,1.8418920688462421
Market crash,80.0,0.35000000000000003,0.05,-18.414039779943288,0.94333016813132,-0.0004978424691429086,-1.115167130880117
Flash crash,90.0,0.35,0.05,-8.99383036712209,0.941822597469237,0.00016611418184214743,0.4709337055224907
Relief rally,112.00000000000001,0.15000000000000002,0.05,10.707948609634432,0.9438167659513926,0.0044208292241027505,8.318232268071739
Rate shock higher,100.0,0.2,0.060000000000000005,0.8384738077350207,0.9111837582630936,0.0023329587729583844,4.66591754591677
Term-structure inversion proxy,100.0,0.30000000000000004,0.045000000000000005,-0.10831625235050168,0.9367397706419797,0.0008108922084819649,2.432676625445893
